framework,all_blank,blank_item
rn,86.97916666666666,10.590277777777777
flutter,86.45833333333334,11.11111111111111
